,Year,Title,Genres,Length,Letterboxd Ratings,Directors
0,1999,Fight Club,['Drama'],139,"{'0.5': '3,157\xa0half-★ ratings (0%)', '1': '8,422\xa0★ ratings (0%)', '1.5': '4,125\xa0★½ ratings (0%)', '2': '27,856\xa0★★ ratings (1%)', '2.5': '23,080\xa0★★½ ratings (1%)', '3': '153,753\xa0★★★ ratings (7%)', '3.5': '164,579\xa0★★★½ ratings (7%)', '4': '632,654\xa0★★★★ ratings (28%)', '4.5': '370,602\xa0★★★★½ ratings (16%)', '5': '882,205\xa0★★★★★ ratings (39%)'}","[['David Fincher', 'Gender\nMale', 'Birthday\nAugust 28, 1962 (61 years old)']]"
1,1999,The Matrix,"['Science Fiction', 'Action']",136,"{'0.5': '1,664\xa0half-★ ratings (0%)', '1': '6,158\xa0★ ratings (0%)', '1.5': '3,203\xa0★½ ratings (0%)', '2': '23,210\xa0★★ ratings (2%)', '2.5': '20,404\xa0★★½ ratings (2%)', '3': '131,578\xa0★★★ ratings (10%)', '3.5': '136,957\xa0★★★½ ratings (10%)', '4': '420,939\xa0★★★★ ratings (31%)', '4.5': '201,751\xa0★★★★½ ratings (15%)', '5': '404,919\xa0★★★★★ ratings (30%)'}","[['Lilly Wachowski', 'Gender\nFemale', 'Birthday\nDecember 29, 1967 (56 years old)'], ['Lana Wachowski', 'Gender\nFemale', 'Birthday\nJune 21, 1965 (58 years old)']]"
2,1999,10 Things I Hate About You,"['Comedy', 'Romance', 'Drama']",97,"{'0.5': '1,388\xa0half-★ ratings (0%)', '1': '4,302\xa0★ ratings (0%)', '1.5': '3,450\xa0★½ ratings (0%)', '2': '21,162\xa0★★ ratings (2%)', '2.5': '25,931\xa0★★½ ratings (2%)', '3': '140,045\xa0★★★ ratings (12%)', '3.5': '150,794\xa0★★★½ ratings (13%)', '4': '333,463\xa0★★★★ ratings (28%)', '4.5': '109,548\xa0★★★★½ ratings (9%)', '5': '392,867\xa0★★★★★ ratings (33%)'}","[['Gil Junger', 'Gender\nMale', 'Birthday\nNovember 7, 1954 (69 years old)']]"
3,1999,American Beauty,['Drama'],122,"{'0.5': '3,345\xa0half-★ ratings (1%)', '1': '7,031\xa0★ ratings (1%)', '1.5': '4,193\xa0★½ ratings (1%)', '2': '20,275\xa0★★ ratings (3%)', '2.5': '18,193\xa0★★½ ratings (3%)', '3': '81,287\xa0★★★ ratings (12%)', '3.5': '85,321\xa0★★★½ ratings (13%)', '4': '215,251\xa0★★★★ ratings (32%)', '4.5': '97,591\xa0★★★★½ ratings (15%)', '5': '134,853\xa0★★★★★ ratings (20%)'}","[['Sam Mendes', 'Gender\nMale', 'Birthday\nAugust 1, 1965 (58 years old)']]"
4,1999,Star Wars: Episode I – The Phantom Menace,"['Action', 'Science Fiction', 'Adventure']",136,"{'0.5': '14,418\xa0half-★ ratings (2%)', '1': '44,447\xa0★ ratings (5%)', '1.5': '40,040\xa0★½ ratings (5%)', '2': '120,032\xa0★★ ratings (14%)', '2.5': '108,972\xa0★★½ ratings (13%)', '3': '217,413\xa0★★★ ratings (26%)', '3.5': '111,005\xa0★★★½ ratings (13%)', '4': '104,516\xa0★★★★ ratings (13%)', '4.5': '19,149\xa0★★★★½ ratings (2%)', '5': '49,989\xa0★★★★★ ratings (6%)'}","[['George Lucas', 'Gender\nMale', 'Birthday\nMay 14, 1944 (79 years old)']]"
5,1999,Eyes Wide Shut,"['Thriller', 'Drama', 'Mystery']",159,"{'0.5': '1,869\xa0half-★ ratings (0%)', '1': '5,105\xa0★ ratings (1%)', '1.5': '3,037\xa0★½ ratings (1%)', '2': '15,957\xa0★★ ratings (3%)', '2.5': '14,442\xa0★★½ ratings (3%)', '3': '57,033\xa0★★★ ratings (11%)', '3.5': '68,102\xa0★★★½ ratings (13%)', '4': '154,725\xa0★★★★ ratings (30%)', '4.5': '85,607\xa0★★★★½ ratings (17%)', '5': '109,707\xa0★★★★★ ratings (21%)'}","[['Stanley Kubrick', 'Gender\nMale', 'Birthday\nJuly 26, 1928']]"
6,1999,Toy Story 2,"['Family', 'Animation', 'Comedy']",92,"{'0.5': '1,052\xa0half-★ ratings (0%)', '1': '3,568\xa0★ ratings (0%)', '1.5': '2,452\xa0★½ ratings (0%)', '2': '20,166\xa0★★ ratings (3%)', '2.5': '19,509\xa0★★½ ratings (3%)', '3': '115,670\xa0★★★ ratings (15%)', '3.5': '111,088\xa0★★★½ ratings (15%)', '4': '249,381\xa0★★★★ ratings (33%)', '4.5': '88,749\xa0★★★★½ ratings (12%)', '5': '153,032\xa0★★★★★ ratings (20%)'}","[['John Lasseter', 'Gender\nMale', 'Birthday\nJanuary 12, 1957 (67 years old)']]"
7,1999,"Girl, Interrupted",['Drama'],127,"{'0.5': '574\xa0half-★ ratings (0%)', '1': '1,618\xa0★ ratings (0%)', '1.5': '1,555\xa0★½ ratings (0%)', '2': '9,029\xa0★★ ratings (2%)', '2.5': '12,593\xa0★★½ ratings (2%)', '3': '61,747\xa0★★★ ratings (12%)', '3.5': '79,843\xa0★★★½ ratings (16%)', '4': '163,107\xa0★★★★ ratings (32%)', '4.5': '57,899\xa0★★★★½ ratings (11%)', '5': '125,296\xa0★★★★★ ratings (24%)'}","[['James Mangold', 'Gender\nMale', 'Birthday\nDecember 16, 1963 (60 years old)']]"
8,1999,The Virgin Suicides,"['Romance', 'Drama']",97,"{'0.5': '1,091\xa0half-★ ratings (0%)', '1': '2,772\xa0★ ratings (1%)', '1.5': '2,351\xa0★½ ratings (1%)', '2': '11,281\xa0★★ ratings (3%)', '2.5': '14,236\xa0★★½ ratings (3%)', '3': '60,304\xa0★★★ ratings (14%)', '3.5': '74,238\xa0★★★½ ratings (17%)', '4': '136,069\xa0★★★★ ratings (31%)', '4.5': '47,212\xa0★★★★½ ratings (11%)', '5': '92,966\xa0★★★★★ ratings (21%)'}","[['Sofia Coppola', 'Gender\nFemale', 'Birthday\nMay 14, 1971 (52 years old)']]"
9,1999,The Sixth Sense,"['Thriller', 'Mystery', 'Horror', 'Drama']",107,"{'0.5': '496\xa0half-★ ratings (0%)', '1': '1,555\xa0★ ratings (0%)', '1.5': '1,317\xa0★½ ratings (0%)', '2': '8,242\xa0★★ ratings (1%)', '2.5': '10,701\xa0★★½ ratings (2%)', '3': '62,948\xa0★★★ ratings (11%)', '3.5': '90,030\xa0★★★½ ratings (16%)', '4': '210,726\xa0★★★★ ratings (37%)', '4.5': '81,656\xa0★★★★½ ratings (14%)', '5': '104,217\xa0★★★★★ ratings (18%)'}","[['M. Night Shyamalan', 'Gender\nMale', 'Birthday\nAugust 6, 1970 (53 years old)']]"
10,1999,The Green Mile,"['Drama', 'Crime', 'Fantasy']",189,"{'0.5': '777\xa0half-★ ratings (0%)', '1': '1,713\xa0★ ratings (0%)', '1.5': '1,372\xa0★½ ratings (0%)', '2': '6,539\xa0★★ ratings (1%)', '2.5': '8,108\xa0★★½ ratings (2%)', '3': '39,713\xa0★★★ ratings (8%)', '3.5': '55,947\xa0★★★½ ratings (11%)', '4': '158,119\xa0★★★★ ratings (31%)', '4.5': '94,131\xa0★★★★½ ratings (18%)', '5': '143,488\xa0★★★★★ ratings (28%)'}","[['Frank Darabont', 'Gender\nMale', 'Birthday\nJanuary 28, 1959 (65 years old)']]"
11,1999,Notting Hill,"['Comedy', 'Romance']",124,"{'0.5': '1,424\xa0half-★ ratings (0%)', '1': '4,083\xa0★ ratings (1%)', '1.5': '3,652\xa0★½ ratings (1%)', '2': '17,685\xa0★★ ratings (4%)', '2.5': '21,939\xa0★★½ ratings (5%)', '3': '80,657\xa0★★★ ratings (19%)', '3.5': '79,703\xa0★★★½ ratings (19%)', '4': '116,016\xa0★★★★ ratings (27%)', '4.5': '32,084\xa0★★★★½ ratings (7%)', '5': '70,685\xa0★★★★★ ratings (17%)'}","[['Roger Michell', 'Gender\nMale', 'Birthday\nJune 5, 1956']]"
12,1999,Magnolia,['Drama'],189,"{'0.5': '764\xa0half-★ ratings (0%)', '1': '1,731\xa0★ ratings (1%)', '1.5': '1,142\xa0★½ ratings (0%)', '2': '5,381\xa0★★ ratings (2%)', '2.5': '5,605\xa0★★½ ratings (2%)', '3': '23,058\xa0★★★ ratings (8%)', '3.5': '30,992\xa0★★★½ ratings (11%)', '4': '81,396\xa0★★★★ ratings (29%)', '4.5': '55,928\xa0★★★★½ ratings (20%)', '5': '77,093\xa0★★★★★ ratings (27%)'}","[['Paul Thomas Anderson', 'Gender\nMale', 'Birthday\nJune 26, 1970 (53 years old)']]"
13,1999,The Blair Witch Project,"['Mystery', 'Horror']",81,"{'0.5': '6,539\xa0half-★ ratings (2%)', '1': '14,349\xa0★ ratings (3%)', '1.5': '9,957\xa0★½ ratings (2%)', '2': '35,982\xa0★★ ratings (8%)', '2.5': '32,596\xa0★★½ ratings (8%)', '3': '92,186\xa0★★★ ratings (22%)', '3.5': '73,375\xa0★★★½ ratings (17%)', '4': '96,443\xa0★★★★ ratings (23%)', '4.5': '27,224\xa0★★★★½ ratings (6%)', '5': '39,804\xa0★★★★★ ratings (9%)'}","[['Daniel Myrick', 'Gender\nMale', 'Birthday\nNovember 30, 1962 (61 years old)'], ['Eduardo Sánchez', 'Gender\nMale', 'Birthday\nDecember 20, 1968 (55 years old)']]"
14,1999,Being John Malkovich,"['Comedy', 'Fantasy', 'Drama']",113,"{'0.5': '743\xa0half-★ ratings (0%)', '1': '1,667\xa0★ ratings (1%)', '1.5': '1,233\xa0★½ ratings (0%)', '2': '5,817\xa0★★ ratings (2%)', '2.5': '6,640\xa0★★½ ratings (2%)', '3': '30,449\xa0★★★ ratings (10%)', '3.5': '46,213\xa0★★★½ ratings (15%)', '4': '111,831\xa0★★★★ ratings (35%)', '4.5': '57,419\xa0★★★★½ ratings (18%)', '5': '54,374\xa0★★★★★ ratings (17%)'}","[['Spike Jonze', 'Gender\nMale', 'Birthday\nOctober 22, 1969 (54 years old)']]"
15,1999,But I’m a Cheerleader,"['Romance', 'Comedy']",85,"{'0.5': '433\xa0half-★ ratings (0%)', '1': '967\xa0★ ratings (0%)', '1.5': '902\xa0★½ ratings (0%)', '2': '4,164\xa0★★ ratings (1%)', '2.5': '5,884\xa0★★½ ratings (2%)', '3': '27,940\xa0★★★ ratings (10%)', '3.5': '40,263\xa0★★★½ ratings (14%)', '4': '91,138\xa0★★★★ ratings (32%)', '4.5': '35,669\xa0★★★★½ ratings (12%)', '5': '80,164\xa0★★★★★ ratings (28%)'}","[['Jamie Babbit', 'Gender\nFemale', 'Birthday\nNovember 16, 1970 (53 years old)']]"
16,1999,The Iron Giant,"['Science Fiction', 'Animation', 'Family', 'Adventure']",86,"{'0.5': '262\xa0half-★ ratings (0%)', '1': '793\xa0★ ratings (0%)', '1.5': '601\xa0★½ ratings (0%)', '2': '4,024\xa0★★ ratings (1%)', '2.5': '4,603\xa0★★½ ratings (1%)', '3': '28,857\xa0★★★ ratings (8%)', '3.5': '40,125\xa0★★★½ ratings (11%)', '4': '112,568\xa0★★★★ ratings (32%)', '4.5': '60,282\xa0★★★★½ ratings (17%)', '5': '103,611\xa0★★★★★ ratings (29%)'}","[['Brad Bird', 'Gender\nMale', 'Birthday\nSeptember 24, 1957 (66 years old)']]"
17,1999,The Talented Mr. Ripley,"['Crime', 'Drama', 'Thriller']",139,"{'0.5': '362\xa0half-★ ratings (0%)', '1': '1,087\xa0★ ratings (0%)', '1.5': '1,093\xa0★½ ratings (0%)', '2': '5,736\xa0★★ ratings (2%)', '2.5': '8,347\xa0★★½ ratings (3%)', '3': '36,294\xa0★★★ ratings (14%)', '3.5': '56,163\xa0★★★½ ratings (22%)', '4': '92,416\xa0★★★★ ratings (35%)', '4.5': '31,441\xa0★★★★½ ratings (12%)', '5': '27,457\xa0★★★★★ ratings (11%)'}","[['Anthony Minghella', 'Gender\nMale', 'Birthday\nJanuary 6, 1954']]"
18,1999,The Mummy,"['Fantasy', 'Action', 'Adventure']",124,"{'0.5': '1,105\xa0half-★ ratings (0%)', '1': '3,885\xa0★ ratings (1%)', '1.5': '3,779\xa0★½ ratings (1%)', '2': '17,531\xa0★★ ratings (5%)', '2.5': '21,619\xa0★★½ ratings (7%)', '3': '77,778\xa0★★★ ratings (24%)', '3.5': '70,191\xa0★★★½ ratings (21%)', '4': '80,465\xa0★★★★ ratings (24%)', '4.5': '17,017\xa0★★★★½ ratings (5%)', '5': '35,874\xa0★★★★★ ratings (11%)'}","[['Stephen Sommers', 'Gender\nMale', 'Birthday\nMarch 20, 1962 (61 years old)']]"
19,1999,Tarzan,"['Drama', 'Family', 'Adventure', 'Animation']",88,"{'0.5': '507\xa0half-★ ratings (0%)', '1': '1,926\xa0★ ratings (1%)', '1.5': '1,900\xa0★½ ratings (1%)', '2': '11,123\xa0★★ ratings (4%)', '2.5': '14,910\xa0★★½ ratings (5%)', '3': '64,142\xa0★★★ ratings (21%)', '3.5': '61,411\xa0★★★½ ratings (20%)', '4': '83,102\xa0★★★★ ratings (28%)', '4.5': '20,971\xa0★★★★½ ratings (7%)', '5': '40,130\xa0★★★★★ ratings (13%)'}","[['Kevin Lima', 'Gender\nMale', 'Birthday\n-'], ['Chris Buck', 'Gender\nMale', 'Birthday\nFebruary 24, 1958 (65 years old)']]"
20,1999,Audition,"['Drama', 'Horror']",115,"{'0.5': '479\xa0half-★ ratings (0%)', '1': '1,015\xa0★ ratings (1%)', '1.5': '932\xa0★½ ratings (1%)', '2': '3,846\xa0★★ ratings (3%)', '2.5': '5,094\xa0★★½ ratings (4%)', '3': '19,057\xa0★★★ ratings (13%)', '3.5': '27,917\xa0★★★½ ratings (20%)', '4': '49,172\xa0★★★★ ratings (34%)', '4.5': '18,390\xa0★★★★½ ratings (13%)', '5': '17,213\xa0★★★★★ ratings (12%)'}","[['Takashi Miike', 'Gender\nMale', 'Birthday\nAugust 24, 1960 (63 years old)']]"
21,1999,Sleepy Hollow,"['Drama', 'Fantasy', 'Horror', 'Mystery', 'Thriller']",105,"{'0.5': '399\xa0half-★ ratings (0%)', '1': '1,601\xa0★ ratings (1%)', '1.5': '1,897\xa0★½ ratings (1%)', '2': '10,483\xa0★★ ratings (5%)', '2.5': '15,007\xa0★★½ ratings (7%)', '3': '55,875\xa0★★★ ratings (25%)', '3.5': '55,176\xa0★★★½ ratings (25%)', '4': '55,930\xa0★★★★ ratings (25%)', '4.5': '11,504\xa0★★★★½ ratings (5%)', '5': '17,291\xa0★★★★★ ratings (8%)'}","[['Tim Burton', 'Gender\nMale', 'Birthday\nAugust 25, 1958 (65 years old)']]"
22,1999,American Pie,"['Romance', 'Comedy']",95,"{'0.5': '3,870\xa0half-★ ratings (2%)', '1': '8,405\xa0★ ratings (4%)', '1.5': '6,868\xa0★½ ratings (3%)', '2': '23,863\xa0★★ ratings (10%)', '2.5': '24,408\xa0★★½ ratings (10%)', '3': '69,252\xa0★★★ ratings (29%)', '3.5': '43,735\xa0★★★½ ratings (18%)', '4': '40,066\xa0★★★★ ratings (17%)', '4.5': '7,152\xa0★★★★½ ratings (3%)', '5': '12,178\xa0★★★★★ ratings (5%)'}","[['Chris Weitz', 'Gender\nMale', 'Birthday\nNovember 30, 1969 (54 years old)'], ['Paul Weitz', 'Gender\nMale', 'Birthday\nNovember 19, 1965 (58 years old)']]"
23,1999,Office Space,['Comedy'],90,"{'0.5': '316\xa0half-★ ratings (0%)', '1': '905\xa0★ ratings (0%)', '1.5': '879\xa0★½ ratings (0%)', '2': '4,415\xa0★★ ratings (2%)', '2.5': '7,093\xa0★★½ ratings (4%)', '3': '30,988\xa0★★★ ratings (16%)', '3.5': '44,919\xa0★★★½ ratings (23%)', '4': '66,220\xa0★★★★ ratings (34%)', '4.5': '20,125\xa0★★★★½ ratings (10%)', '5': '20,978\xa0★★★★★ ratings (11%)'}","[['Mike Judge', 'Gender\nMale', 'Birthday\nOctober 17, 1962 (61 years old)']]"
24,1999,All About My Mother,"['Comedy', 'Drama']",101,"{'0.5': '151\xa0half-★ ratings (0%)', '1': '351\xa0★ ratings (0%)', '1.5': '363\xa0★½ ratings (0%)', '2': '1,477\xa0★★ ratings (1%)', '2.5': '2,223\xa0★★½ ratings (2%)', '3': '9,861\xa0★★★ ratings (7%)', '3.5': '16,775\xa0★★★½ ratings (13%)', '4': '44,905\xa0★★★★ ratings (34%)', '4.5': '23,666\xa0★★★★½ ratings (18%)', '5': '32,149\xa0★★★★★ ratings (24%)'}","[['Pedro Almodóvar', 'Gender\nMale', 'Birthday\nSeptember 24, 1949 (74 years old)']]"
25,1999,Cruel Intentions,"['Drama', 'Romance']",98,"{'0.5': '1,357\xa0half-★ ratings (1%)', '1': '3,285\xa0★ ratings (2%)', '1.5': '3,314\xa0★½ ratings (2%)', '2': '12,161\xa0★★ ratings (8%)', '2.5': '13,967\xa0★★½ ratings (10%)', '3': '36,629\xa0★★★ ratings (25%)', '3.5': '26,514\xa0★★★½ ratings (18%)', '4': '28,238\xa0★★★★ ratings (19%)', '4.5': '6,590\xa0★★★★½ ratings (5%)', '5': '13,217\xa0★★★★★ ratings (9%)'}","[['Roger Kumble', 'Gender\nMale', 'Birthday\nMay 28, 1966 (57 years old)']]"
26,1999,Election,"['Drama', 'Comedy', 'Mystery', 'Romance']",103,"{'0.5': '307\xa0half-★ ratings (0%)', '1': '797\xa0★ ratings (1%)', '1.5': '773\xa0★½ ratings (1%)', '2': '3,108\xa0★★ ratings (3%)', '2.5': '4,111\xa0★★½ ratings (3%)', '3': '16,805\xa0★★★ ratings (14%)', '3.5': '25,481\xa0★★★½ ratings (21%)', '4': '41,557\xa0★★★★ ratings (35%)', '4.5': '15,562\xa0★★★★½ ratings (13%)', '5': '10,759\xa0★★★★★ ratings (9%)'}","[['Alexander Payne', 'Gender\nMale', 'Birthday\nFebruary 10, 1961 (63 years old)']]"
27,1999,She’s All That,"['Romance', 'Comedy']",95,"{'0.5': '1,668\xa0half-★ ratings (1%)', '1': '4,826\xa0★ ratings (3%)', '1.5': '5,204\xa0★½ ratings (4%)', '2': '19,630\xa0★★ ratings (14%)', '2.5': '21,237\xa0★★½ ratings (15%)', '3': '41,823\xa0★★★ ratings (29%)', '3.5': '19,161\xa0★★★½ ratings (13%)', '4': '18,905\xa0★★★★ ratings (13%)', '4.5': '3,210\xa0★★★★½ ratings (2%)', '5': '9,405\xa0★★★★★ ratings (6%)'}","[['Robert Iscove', 'Gender\nMale', 'Birthday\nJuly 4, 1947 (76 years old)']]"
28,1999,Stuart Little,"['Comedy', 'Adventure', 'Fantasy', 'Family']",84,"{'0.5': '3,981\xa0half-★ ratings (2%)', '1': '8,974\xa0★ ratings (5%)', '1.5': '7,827\xa0★½ ratings (4%)', '2': '31,858\xa0★★ ratings (16%)', '2.5': '31,115\xa0★★½ ratings (16%)', '3': '61,261\xa0★★★ ratings (31%)', '3.5': '20,724\xa0★★★½ ratings (11%)', '4': '18,472\xa0★★★★ ratings (9%)', '4.5': '2,064\xa0★★★★½ ratings (1%)', '5': '8,643\xa0★★★★★ ratings (4%)'}","[['Rob Minkoff', 'Gender\nMale', 'Birthday\nAugust 11, 1962 (61 years old)']]"
29,1999,Beau Travail,['Drama'],92,"{'0.5': '173\xa0half-★ ratings (0%)', '1': '386\xa0★ ratings (1%)', '1.5': '419\xa0★½ ratings (1%)', '2': '1,557\xa0★★ ratings (2%)', '2.5': '1,830\xa0★★½ ratings (3%)', '3': '5,834\xa0★★★ ratings (9%)', '3.5': '8,225\xa0★★★½ ratings (12%)', '4': '18,378\xa0★★★★ ratings (28%)', '4.5': '12,720\xa0★★★★½ ratings (19%)', '5': '16,329\xa0★★★★★ ratings (25%)'}","[['Claire Denis', 'Gender\nFemale', 'Birthday\nApril 21, 1946 (77 years old)']]"
30,1999,Austin Powers: The Spy Who Shagged Me,"['Comedy', 'Crime', 'Adventure', 'Science Fiction']",95,"{'0.5': '994\xa0half-★ ratings (1%)', '1': '2,889\xa0★ ratings (2%)', '1.5': '2,725\xa0★½ ratings (2%)', '2': '11,886\xa0★★ ratings (8%)', '2.5': '15,117\xa0★★½ ratings (10%)', '3': '47,431\xa0★★★ ratings (30%)', '3.5': '33,152\xa0★★★½ ratings (21%)', '4': '28,916\xa0★★★★ ratings (18%)', '4.5': '5,333\xa0★★★★½ ratings (3%)', '5': '9,250\xa0★★★★★ ratings (6%)'}","[['Jay Roach', 'Gender\nMale', 'Birthday\nJune 14, 1957 (66 years old)']]"
31,1999,Big Daddy,"['Comedy', 'Drama']",93,"{'0.5': '1,173\xa0half-★ ratings (1%)', '1': '3,570\xa0★ ratings (2%)', '1.5': '4,009\xa0★½ ratings (3%)', '2': '14,955\xa0★★ ratings (10%)', '2.5': '18,472\xa0★★½ ratings (12%)', '3': '46,922\xa0★★★ ratings (30%)', '3.5': '28,739\xa0★★★½ ratings (18%)', '4': '25,062\xa0★★★★ ratings (16%)', '4.5': '4,410\xa0★★★★½ ratings (3%)', '5': '9,583\xa0★★★★★ ratings (6%)'}","[['Dennis Dugan', 'Gender\nMale', 'Birthday\nSeptember 5, 1946 (77 years old)']]"
32,1999,"South Park: Bigger, Longer & Uncut","['Animation', 'Comedy']",81,"{'0.5': '445\xa0half-★ ratings (0%)', '1': '1,123\xa0★ ratings (1%)', '1.5': '909\xa0★½ ratings (1%)', '2': '3,805\xa0★★ ratings (3%)', '2.5': '5,090\xa0★★½ ratings (4%)', '3': '20,628\xa0★★★ ratings (16%)', '3.5': '25,360\xa0★★★½ ratings (20%)', '4': '40,594\xa0★★★★ ratings (32%)', '4.5': '12,987\xa0★★★★½ ratings (10%)', '5': '17,641\xa0★★★★★ ratings (14%)'}","[['Trey Parker', 'Gender\nMale', 'Birthday\nOctober 19, 1969 (54 years old)']]"
33,1999,Bringing Out the Dead,"['Drama', 'Thriller']",121,"{'0.5': '132\xa0half-★ ratings (0%)', '1': '430\xa0★ ratings (1%)', '1.5': '465\xa0★½ ratings (1%)', '2': '2,246\xa0★★ ratings (3%)', '2.5': '3,391\xa0★★½ ratings (5%)', '3': '11,357\xa0★★★ ratings (17%)', '3.5': '15,672\xa0★★★½ ratings (23%)', '4': '20,690\xa0★★★★ ratings (31%)', '4.5': '8,232\xa0★★★★½ ratings (12%)', '5': '4,877\xa0★★★★★ ratings (7%)'}","[['Martin Scorsese', 'Gender\nMale', 'Birthday\nNovember 17, 1942 (81 years old)']]"
34,1999,The Straight Story,['Drama'],112,"{'0.5': '72\xa0half-★ ratings (0%)', '1': '214\xa0★ ratings (0%)', '1.5': '190\xa0★½ ratings (0%)', '2': '853\xa0★★ ratings (1%)', '2.5': '1,370\xa0★★½ ratings (2%)', '3': '6,011\xa0★★★ ratings (9%)', '3.5': '10,856\xa0★★★½ ratings (16%)', '4': '24,700\xa0★★★★ ratings (36%)', '4.5': '12,791\xa0★★★★½ ratings (19%)', '5': '11,161\xa0★★★★★ ratings (16%)'}","[['David Lynch', 'Gender\nMale', 'Birthday\nJanuary 20, 1946 (78 years old)']]"
35,1999,eXistenZ,"['Science Fiction', 'Thriller', 'Action']",97,"{'0.5': '335\xa0half-★ ratings (0%)', '1': '808\xa0★ ratings (1%)', '1.5': '946\xa0★½ ratings (1%)', '2': '3,295\xa0★★ ratings (4%)', '2.5': '4,915\xa0★★½ ratings (6%)', '3': '14,780\xa0★★★ ratings (19%)', '3.5': '19,052\xa0★★★½ ratings (25%)', '4': '21,153\xa0★★★★ ratings (28%)', '4.5': '6,155\xa0★★★★½ ratings (8%)', '5': '5,356\xa0★★★★★ ratings (7%)'}","[['David Cronenberg', 'Gender\nMale', 'Birthday\nMarch 15, 1943 (80 years old)']]"
36,1999,Galaxy Quest,"['Comedy', 'Science Fiction', 'Adventure']",101,"{'0.5': '189\xa0half-★ ratings (0%)', '1': '625\xa0★ ratings (1%)', '1.5': '658\xa0★½ ratings (1%)', '2': '2,899\xa0★★ ratings (3%)', '2.5': '4,287\xa0★★½ ratings (4%)', '3': '17,368\xa0★★★ ratings (17%)', '3.5': '23,795\xa0★★★½ ratings (23%)', '4': '32,384\xa0★★★★ ratings (32%)', '4.5': '9,562\xa0★★★★½ ratings (9%)', '5': '10,463\xa0★★★★★ ratings (10%)'}","[['Dean Parisot', 'Gender\nMale', 'Birthday\nJuly 6, 1952 (71 years old)']]"
37,1999,The Insider,"['Drama', 'Thriller']",158,"{'0.5': '59\xa0half-★ ratings (0%)', '1': '160\xa0★ ratings (0%)', '1.5': '160\xa0★½ ratings (0%)', '2': '946\xa0★★ ratings (1%)', '2.5': '1,496\xa0★★½ ratings (2%)', '3': '6,922\xa0★★★ ratings (10%)', '3.5': '11,769\xa0★★★½ ratings (18%)', '4': '23,613\xa0★★★★ ratings (35%)', '4.5': '12,397\xa0★★★★½ ratings (19%)', '5': '9,201\xa0★★★★★ ratings (14%)'}","[['Michael Mann', 'Gender\nMale', 'Birthday\nFebruary 5, 1943 (81 years old)']]"
38,1999,Man on the Moon,"['Comedy', 'Drama']",118,"{'0.5': '145\xa0half-★ ratings (0%)', '1': '400\xa0★ ratings (1%)', '1.5': '378\xa0★½ ratings (1%)', '2': '2,034\xa0★★ ratings (3%)', '2.5': '3,029\xa0★★½ ratings (4%)', '3': '12,196\xa0★★★ ratings (17%)', '3.5': '16,798\xa0★★★½ ratings (23%)', '4': '24,743\xa0★★★★ ratings (34%)', '4.5': '7,480\xa0★★★★½ ratings (10%)', '5': '6,174\xa0★★★★★ ratings (8%)'}","[['Miloš Forman', 'Gender\nMale', 'Birthday\nFebruary 18, 1932']]"
39,1999,Ghost Dog: The Way of the Samurai,"['Crime', 'Drama']",116,"{'0.5': '95\xa0half-★ ratings (0%)', '1': '307\xa0★ ratings (0%)', '1.5': '296\xa0★½ ratings (0%)', '2': '1,232\xa0★★ ratings (2%)', '2.5': '1,881\xa0★★½ ratings (3%)', '3': '7,094\xa0★★★ ratings (10%)', '3.5': '12,535\xa0★★★½ ratings (18%)', '4': '24,147\xa0★★★★ ratings (35%)', '4.5': '11,123\xa0★★★★½ ratings (16%)', '5': '9,578\xa0★★★★★ ratings (14%)'}","[['Jim Jarmusch', 'Gender\nMale', 'Birthday\nJanuary 22, 1953 (71 years old)']]"
40,1999,Drop Dead Gorgeous,['Comedy'],98,"{'0.5': '105\xa0half-★ ratings (0%)', '1': '339\xa0★ ratings (1%)', '1.5': '406\xa0★½ ratings (1%)', '2': '1,581\xa0★★ ratings (3%)', '2.5': '2,109\xa0★★½ ratings (4%)', '3': '7,860\xa0★★★ ratings (14%)', '3.5': '10,492\xa0★★★½ ratings (19%)', '4': '16,841\xa0★★★★ ratings (30%)', '4.5': '6,015\xa0★★★★½ ratings (11%)', '5': '9,584\xa0★★★★★ ratings (17%)'}","[['Michael Patrick Jann', 'Gender\nMale', 'Birthday\nMay 15, 1970 (53 years old)']]"
41,1999,The Boondock Saints,"['Action', 'Thriller', 'Crime']",108,"{'0.5': '1,496\xa0half-★ ratings (2%)', '1': '2,819\xa0★ ratings (3%)', '1.5': '2,383\xa0★½ ratings (3%)', '2': '6,123\xa0★★ ratings (7%)', '2.5': '6,496\xa0★★½ ratings (8%)', '3': '15,966\xa0★★★ ratings (19%)', '3.5': '16,411\xa0★★★½ ratings (20%)', '4': '18,883\xa0★★★★ ratings (23%)', '4.5': '5,477\xa0★★★★½ ratings (7%)', '5': '6,822\xa0★★★★★ ratings (8%)'}","[['Troy Duffy', 'Gender\nMale', 'Birthday\nJune 8, 1971 (52 years old)']]"
42,1999,Never Been Kissed,"['Drama', 'Comedy', 'Romance']",107,"{'0.5': '2,370\xa0half-★ ratings (3%)', '1': '4,982\xa0★ ratings (6%)', '1.5': '4,493\xa0★½ ratings (6%)', '2': '12,773\xa0★★ ratings (17%)', '2.5': '11,073\xa0★★½ ratings (14%)', '3': '20,248\xa0★★★ ratings (26%)', '3.5': '8,111\xa0★★★½ ratings (10%)', '4': '8,092\xa0★★★★ ratings (10%)', '4.5': '1,269\xa0★★★★½ ratings (2%)', '5': '3,943\xa0★★★★★ ratings (5%)'}","[['Raja Gosnell', 'Gender\nMale', 'Birthday\nDecember 9, 1958 (65 years old)']]"
43,1999,Jawbreaker,"['Horror', 'Comedy', 'Crime']",87,"{'0.5': '261\xa0half-★ ratings (0%)', '1': '863\xa0★ ratings (2%)', '1.5': '986\xa0★½ ratings (2%)', '2': '3,553\xa0★★ ratings (6%)', '2.5': '4,661\xa0★★½ ratings (8%)', '3': '13,296\xa0★★★ ratings (24%)', '3.5': '11,342\xa0★★★½ ratings (20%)', '4': '12,354\xa0★★★★ ratings (22%)', '4.5': '2,740\xa0★★★★½ ratings (5%)', '5': '6,218\xa0★★★★★ ratings (11%)'}","[['Darren Stein', 'Gender\nMale', 'Birthday\nDecember 24, 1971 (52 years old)']]"
44,1999,Dogma,"['Adventure', 'Comedy', 'Fantasy']",130,"{'0.5': '469\xa0half-★ ratings (1%)', '1': '1,120\xa0★ ratings (1%)', '1.5': '1,108\xa0★½ ratings (1%)', '2': '4,355\xa0★★ ratings (5%)', '2.5': '5,595\xa0★★½ ratings (7%)', '3': '17,360\xa0★★★ ratings (21%)', '3.5': '18,802\xa0★★★½ ratings (23%)', '4': '21,038\xa0★★★★ ratings (26%)', '4.5': '5,472\xa0★★★★½ ratings (7%)', '5': '6,790\xa0★★★★★ ratings (8%)'}","[['Kevin Smith', 'Gender\nMale', 'Birthday\nAugust 2, 1970 (53 years old)']]"
45,1999,Boys Don’t Cry,"['Crime', 'Drama']",118,"{'0.5': '411\xa0half-★ ratings (1%)', '1': '606\xa0★ ratings (1%)', '1.5': '480\xa0★½ ratings (1%)', '2': '1,803\xa0★★ ratings (4%)', '2.5': '2,328\xa0★★½ ratings (5%)', '3': '8,604\xa0★★★ ratings (17%)', '3.5': '10,977\xa0★★★½ ratings (22%)', '4': '15,879\xa0★★★★ ratings (31%)', '4.5': '4,064\xa0★★★★½ ratings (8%)', '5': '5,270\xa0★★★★★ ratings (10%)'}","[['Kimberly Peirce', 'Gender\nFemale', 'Birthday\nSeptember 8, 1967 (56 years old)']]"
46,1999,October Sky,"['Drama', 'Family']",108,"{'0.5': '85\xa0half-★ ratings (0%)', '1': '267\xa0★ ratings (0%)', '1.5': '317\xa0★½ ratings (1%)', '2': '1,783\xa0★★ ratings (3%)', '2.5': '2,970\xa0★★½ ratings (5%)', '3': '12,678\xa0★★★ ratings (21%)', '3.5': '15,194\xa0★★★½ ratings (25%)', '4': '17,787\xa0★★★★ ratings (29%)', '4.5': '4,585\xa0★★★★½ ratings (8%)', '5': '4,780\xa0★★★★★ ratings (8%)'}","[['Joe Johnston', 'Gender\nMale', 'Birthday\nMay 13, 1950 (73 years old)']]"
47,1999,The World Is Not Enough,"['Adventure', 'Thriller', 'Action']",128,"{'0.5': '452\xa0half-★ ratings (1%)', '1': '1,995\xa0★ ratings (3%)', '1.5': '2,953\xa0★½ ratings (4%)', '2': '11,293\xa0★★ ratings (16%)', '2.5': '13,918\xa0★★½ ratings (19%)', '3': '23,294\xa0★★★ ratings (32%)', '3.5': '10,485\xa0★★★½ ratings (15%)', '4': '5,865\xa0★★★★ ratings (8%)', '4.5': '816\xa0★★★★½ ratings (1%)', '5': '1,189\xa0★★★★★ ratings (2%)'}","[['Michael Apted', 'Gender\nMale', 'Birthday\nFebruary 10, 1941']]"
48,1999,Deep Blue Sea,"['Horror', 'Action', 'Science Fiction']",105,"{'0.5': '757\xa0half-★ ratings (1%)', '1': '2,690\xa0★ ratings (4%)', '1.5': '3,476\xa0★½ ratings (5%)', '2': '11,599\xa0★★ ratings (16%)', '2.5': '12,663\xa0★★½ ratings (17%)', '3': '21,769\xa0★★★ ratings (29%)', '3.5': '10,469\xa0★★★½ ratings (14%)', '4': '7,039\xa0★★★★ ratings (10%)', '4.5': '1,059\xa0★★★★½ ratings (1%)', '5': '2,301\xa0★★★★★ ratings (3%)'}","[['Renny Harlin', 'Gender\nMale', 'Birthday\nMarch 15, 1959 (64 years old)']]"
49,1999,The Ninth Gate,"['Horror', 'Thriller', 'Mystery']",133,"{'0.5': '601\xa0half-★ ratings (1%)', '1': '1,678\xa0★ ratings (2%)', '1.5': '2,035\xa0★½ ratings (3%)', '2': '7,254\xa0★★ ratings (11%)', '2.5': '8,891\xa0★★½ ratings (13%)', '3': '19,039\xa0★★★ ratings (28%)', '3.5': '13,311\xa0★★★½ ratings (20%)', '4': '9,979\xa0★★★★ ratings (15%)', '4.5': '2,227\xa0★★★★½ ratings (3%)', '5': '2,695\xa0★★★★★ ratings (4%)'}","[['Roman Polanski', 'Gender\nMale', 'Birthday\nAugust 18, 1933 (90 years old)']]"
50,1999,Ratcatcher,['Drama'],94,"{'0.5': '37\xa0half-★ ratings (0%)', '1': '73\xa0★ ratings (0%)', '1.5': '67\xa0★½ ratings (0%)', '2': '294\xa0★★ ratings (1%)', '2.5': '474\xa0★★½ ratings (2%)', '3': '2,313\xa0★★★ ratings (10%)', '3.5': '3,969\xa0★★★½ ratings (17%)', '4': '8,598\xa0★★★★ ratings (36%)', '4.5': '4,392\xa0★★★★½ ratings (18%)', '5': '3,553\xa0★★★★★ ratings (15%)'}","[['Lynne Ramsay', 'Gender\nFemale', 'Birthday\nDecember 5, 1969 (54 years old)']]"
51,1999,Fantasia 2000,"['Animation', 'Family', 'Music']",74,"{'0.5': '209\xa0half-★ ratings (0%)', '1': '697\xa0★ ratings (1%)', '1.5': '561\xa0★½ ratings (1%)', '2': '2,729\xa0★★ ratings (5%)', '2.5': '3,282\xa0★★½ ratings (6%)', '3': '12,066\xa0★★★ ratings (23%)', '3.5': '10,841\xa0★★★½ ratings (21%)', '4': '12,877\xa0★★★★ ratings (25%)', '4.5': '3,068\xa0★★★★½ ratings (6%)', '5': '5,623\xa0★★★★★ ratings (11%)'}","[['James Algar', 'Gender\nMale', 'Birthday\nJune 11, 1912'], ['Don Hahn', 'Gender\nMale', 'Birthday\nNovember 26, 1955 (68 years old)'], ['Gaëtan Brizzi', 'Gender\nMale', 'Birthday\nDecember 24, 1951 (72 years old)'], ['Paul Brizzi', 'Gender\nMale', 'Birthday\nDecember 24, 1951 (72 years old)'], ['Eric Goldberg', 'Gender\nMale', 'Birthday\nMay 1, 1955 (68 years old)'], ['Hendel Butoy', 'Gender\n-', 'Birthday\n-'], ['Francis Glebas', 'Gender\n-', 'Birthday\n-'], ['Pixote Hunt', 'Gender\n-', 'Birthday\n-']]"
52,1999,The Bone Collector,"['Thriller', 'Mystery', 'Crime', 'Drama']",118,"{'0.5': '192\xa0half-★ ratings (0%)', '1': '729\xa0★ ratings (1%)', '1.5': '1,217\xa0★½ ratings (2%)', '2': '5,140\xa0★★ ratings (8%)', '2.5': '7,845\xa0★★½ ratings (13%)', '3': '19,831\xa0★★★ ratings (32%)', '3.5': '12,712\xa0★★★½ ratings (21%)', '4': '9,272\xa0★★★★ ratings (15%)', '4.5': '1,556\xa0★★★★½ ratings (3%)', '5': '2,823\xa0★★★★★ ratings (5%)'}","[['Phillip Noyce', 'Gender\nMale', 'Birthday\nApril 29, 1950 (73 years old)']]"
53,1999,Three Kings,"['Comedy', 'War', 'Action']",114,"{'0.5': '159\xa0half-★ ratings (0%)', '1': '406\xa0★ ratings (1%)', '1.5': '497\xa0★½ ratings (1%)', '2': '2,421\xa0★★ ratings (4%)', '2.5': '3,569\xa0★★½ ratings (7%)', '3': '13,119\xa0★★★ ratings (24%)', '3.5': '14,572\xa0★★★½ ratings (27%)', '4': '13,726\xa0★★★★ ratings (25%)', '4.5': '3,301\xa0★★★★½ ratings (6%)', '5': '2,066\xa0★★★★★ ratings (4%)'}","[['David O. Russell', 'Gender\nMale', 'Birthday\nAugust 20, 1958 (65 years old)']]"
54,1999,Wild Wild West,"['Adventure', 'Western', 'Science Fiction', 'Action', 'Comedy']",106,"{'0.5': '3,740\xa0half-★ ratings (5%)', '1': '9,768\xa0★ ratings (14%)', '1.5': '8,701\xa0★½ ratings (13%)', '2': '16,670\xa0★★ ratings (24%)', '2.5': '10,263\xa0★★½ ratings (15%)', '3': '11,662\xa0★★★ ratings (17%)', '3.5': '4,111\xa0★★★½ ratings (6%)', '4': '2,849\xa0★★★★ ratings (4%)', '4.5': '382\xa0★★★★½ ratings (1%)', '5': '1,025\xa0★★★★★ ratings (1%)'}","[['Barry Sonnenfeld', 'Gender\nMale', 'Birthday\nApril 1, 1953 (70 years old)']]"
55,1999,Runaway Bride,"['Romance', 'Comedy']",116,"{'0.5': '753\xa0half-★ ratings (1%)', '1': '2,332\xa0★ ratings (4%)', '1.5': '2,490\xa0★½ ratings (5%)', '2': '8,492\xa0★★ ratings (16%)', '2.5': '8,198\xa0★★½ ratings (16%)', '3': '14,350\xa0★★★ ratings (28%)', '3.5': '5,995\xa0★★★½ ratings (11%)', '4': '5,792\xa0★★★★ ratings (11%)', '4.5': '970\xa0★★★★½ ratings (2%)', '5': '2,772\xa0★★★★★ ratings (5%)'}","[['Garry Marshall', 'Gender\nMale', 'Birthday\nNovember 13, 1934']]"
56,1999,8MM,"['Crime', 'Mystery', 'Thriller']",123,"{'0.5': '371\xa0half-★ ratings (1%)', '1': '1,058\xa0★ ratings (2%)', '1.5': '1,200\xa0★½ ratings (2%)', '2': '4,636\xa0★★ ratings (9%)', '2.5': '5,926\xa0★★½ ratings (12%)', '3': '14,864\xa0★★★ ratings (29%)', '3.5': '11,514\xa0★★★½ ratings (23%)', '4': '8,269\xa0★★★★ ratings (16%)', '4.5': '1,588\xa0★★★★½ ratings (3%)', '5': '1,641\xa0★★★★★ ratings (3%)'}","[['Joel Schumacher', 'Gender\nMale', 'Birthday\nAugust 29, 1939']]"
57,1999,American Movie,"['Comedy', 'Documentary']",107,"{'0.5': '33\xa0half-★ ratings (0%)', '1': '55\xa0★ ratings (0%)', '1.5': '73\xa0★½ ratings (0%)', '2': '302\xa0★★ ratings (1%)', '2.5': '443\xa0★★½ ratings (1%)', '3': '2,123\xa0★★★ ratings (7%)', '3.5': '3,708\xa0★★★½ ratings (12%)', '4': '10,053\xa0★★★★ ratings (33%)', '4.5': '5,492\xa0★★★★½ ratings (18%)', '5': '8,395\xa0★★★★★ ratings (27%)'}","[['Chris Smith', 'Gender\nMale', 'Birthday\nJanuary 1, 1970 (54 years old)']]"
58,1999,Bicentennial Man,"['Science Fiction', 'Drama']",131,"{'0.5': '578\xa0half-★ ratings (1%)', '1': '1,768\xa0★ ratings (3%)', '1.5': '1,627\xa0★½ ratings (3%)', '2': '5,665\xa0★★ ratings (10%)', '2.5': '6,005\xa0★★½ ratings (11%)', '3': '13,955\xa0★★★ ratings (25%)', '3.5': '9,304\xa0★★★½ ratings (17%)', '4': '9,168\xa0★★★★ ratings (17%)', '4.5': '2,267\xa0★★★★½ ratings (4%)', '5': '4,411\xa0★★★★★ ratings (8%)'}","[['Chris Columbus', 'Gender\nMale', 'Birthday\nSeptember 10, 1958 (65 years old)']]"
59,1999,Ravenous,"['Comedy', 'Western', 'Adventure', 'Horror']",101,"{'0.5': '73\xa0half-★ ratings (0%)', '1': '213\xa0★ ratings (1%)', '1.5': '278\xa0★½ ratings (1%)', '2': '1,124\xa0★★ ratings (4%)', '2.5': '1,829\xa0★★½ ratings (6%)', '3': '5,818\xa0★★★ ratings (18%)', '3.5': '7,743\xa0★★★½ ratings (25%)', '4': '9,099\xa0★★★★ ratings (29%)', '4.5': '2,815\xa0★★★★½ ratings (9%)', '5': '2,607\xa0★★★★★ ratings (8%)'}","[['Antonia Bird', 'Gender\nFemale', 'Birthday\nMay 5, 1951']]"
60,1999,Go,"['Comedy', 'Crime', 'Thriller']",98,"{'0.5': '65\xa0half-★ ratings (0%)', '1': '233\xa0★ ratings (1%)', '1.5': '236\xa0★½ ratings (1%)', '2': '1,115\xa0★★ ratings (4%)', '2.5': '1,714\xa0★★½ ratings (5%)', '3': '6,238\xa0★★★ ratings (20%)', '3.5': '8,003\xa0★★★½ ratings (26%)', '4': '8,959\xa0★★★★ ratings (29%)', '4.5': '2,497\xa0★★★★½ ratings (8%)', '5': '2,203\xa0★★★★★ ratings (7%)'}","[['Doug Liman', 'Gender\nMale', 'Birthday\nJuly 24, 1965 (58 years old)']]"
61,1999,My Neighbors the Yamadas,"['Animation', 'Family']",104,"{'0.5': '110\xa0half-★ ratings (0%)', '1': '308\xa0★ ratings (1%)', '1.5': '329\xa0★½ ratings (1%)', '2': '1,280\xa0★★ ratings (4%)', '2.5': '1,982\xa0★★½ ratings (6%)', '3': '6,637\xa0★★★ ratings (21%)', '3.5': '7,845\xa0★★★½ ratings (25%)', '4': '8,075\xa0★★★★ ratings (26%)', '4.5': '2,313\xa0★★★★½ ratings (7%)', '5': '2,361\xa0★★★★★ ratings (8%)'}","[['Isao Takahata', 'Gender\nMale', 'Birthday\nOctober 29, 1935']]"
62,1999,Analyze This,"['Crime', 'Comedy']",103,"{'0.5': '137\xa0half-★ ratings (0%)', '1': '494\xa0★ ratings (1%)', '1.5': '582\xa0★½ ratings (1%)', '2': '2,931\xa0★★ ratings (6%)', '2.5': '4,771\xa0★★½ ratings (11%)', '3': '15,434\xa0★★★ ratings (34%)', '3.5': '11,433\xa0★★★½ ratings (25%)', '4': '7,178\xa0★★★★ ratings (16%)', '4.5': '1,054\xa0★★★★½ ratings (2%)', '5': '1,355\xa0★★★★★ ratings (3%)'}","[['Harold Ramis', 'Gender\nMale', 'Birthday\nNovember 21, 1944']]"
63,1999,Rosetta,['Drama'],95,"{'0.5': '52\xa0half-★ ratings (0%)', '1': '113\xa0★ ratings (1%)', '1.5': '105\xa0★½ ratings (1%)', '2': '457\xa0★★ ratings (2%)', '2.5': '632\xa0★★½ ratings (3%)', '3': '2,344\xa0★★★ ratings (12%)', '3.5': '3,841\xa0★★★½ ratings (20%)', '4': '6,525\xa0★★★★ ratings (34%)', '4.5': '2,751\xa0★★★★½ ratings (14%)', '5': '2,428\xa0★★★★★ ratings (13%)'}","[['Luc Dardenne', 'Gender\nMale', 'Birthday\nMarch 10, 1954 (69 years old)'], ['Jean-Pierre Dardenne', 'Gender\nMale', 'Birthday\nApril 21, 1951 (72 years old)']]"
64,1999,The Wind Will Carry Us,['Drama'],118,"{'0.5': '35\xa0half-★ ratings (0%)', '1': '56\xa0★ ratings (0%)', '1.5': '77\xa0★½ ratings (0%)', '2': '328\xa0★★ ratings (2%)', '2.5': '474\xa0★★½ ratings (2%)', '3': '1,931\xa0★★★ ratings (10%)', '3.5': '3,281\xa0★★★½ ratings (17%)', '4': '6,994\xa0★★★★ ratings (36%)', '4.5': '2,948\xa0★★★★½ ratings (15%)', '5': '3,143\xa0★★★★★ ratings (16%)'}","[['Abbas Kiarostami', 'Gender\nMale', 'Birthday\nJune 22, 1940']]"
65,1999,Any Given Sunday,['Drama'],162,"{'0.5': '153\xa0half-★ ratings (0%)', '1': '501\xa0★ ratings (1%)', '1.5': '641\xa0★½ ratings (2%)', '2': '2,483\xa0★★ ratings (7%)', '2.5': '3,701\xa0★★½ ratings (10%)', '3': '9,690\xa0★★★ ratings (27%)', '3.5': '8,868\xa0★★★½ ratings (24%)', '4': '7,294\xa0★★★★ ratings (20%)', '4.5': '1,660\xa0★★★★½ ratings (5%)', '5': '1,279\xa0★★★★★ ratings (4%)'}","[['Oliver Stone', 'Gender\nMale', 'Birthday\nSeptember 15, 1946 (77 years old)']]"
66,1999,Julien Donkey-Boy,['Drama'],95,"{'0.5': '88\xa0half-★ ratings (1%)', '1': '179\xa0★ ratings (1%)', '1.5': '163\xa0★½ ratings (1%)', '2': '551\xa0★★ ratings (4%)', '2.5': '612\xa0★★½ ratings (5%)', '3': '1,895\xa0★★★ ratings (14%)', '3.5': '2,109\xa0★★★½ ratings (16%)', '4': '3,512\xa0★★★★ ratings (26%)', '4.5': '1,717\xa0★★★★½ ratings (13%)', '5': '2,474\xa0★★★★★ ratings (19%)'}","[['Harmony Korine', 'Gender\nMale', 'Birthday\nJanuary 4, 1973 (51 years old)']]"
67,1999,Idle Hands,"['Comedy', 'Fantasy', 'Horror']",92,"{'0.5': '239\xa0half-★ ratings (1%)', '1': '681\xa0★ ratings (2%)', '1.5': '807\xa0★½ ratings (3%)', '2': '2,500\xa0★★ ratings (9%)', '2.5': '3,234\xa0★★½ ratings (11%)', '3': '7,869\xa0★★★ ratings (27%)', '3.5': '5,767\xa0★★★½ ratings (20%)', '4': '4,902\xa0★★★★ ratings (17%)', '4.5': '952\xa0★★★★½ ratings (3%)', '5': '1,914\xa0★★★★★ ratings (7%)'}","[['Rodman Flender', 'Gender\nMale', 'Birthday\nJune 9, 1962 (61 years old)']]"
68,1999,The Limey,"['Drama', 'Crime', 'Mystery']",89,"{'0.5': '59\xa0half-★ ratings (0%)', '1': '186\xa0★ ratings (1%)', '1.5': '245\xa0★½ ratings (1%)', '2': '920\xa0★★ ratings (3%)', '2.5': '1,499\xa0★★½ ratings (6%)', '3': '5,013\xa0★★★ ratings (19%)', '3.5': '6,968\xa0★★★½ ratings (26%)', '4': '8,128\xa0★★★★ ratings (30%)', '4.5': '2,476\xa0★★★★½ ratings (9%)', '5': '1,490\xa0★★★★★ ratings (6%)'}","[['Steven Soderbergh', 'Gender\nMale', 'Birthday\nJanuary 14, 1963 (61 years old)']]"
69,1999,Jin-Roh: The Wolf Brigade,"['Animation', 'Fantasy', 'Drama', 'Science Fiction', 'Thriller']",102,"{'0.5': '26\xa0half-★ ratings (0%)', '1': '114\xa0★ ratings (1%)', '1.5': '111\xa0★½ ratings (1%)', '2': '534\xa0★★ ratings (2%)', '2.5': '906\xa0★★½ ratings (4%)', '3': '2,851\xa0★★★ ratings (13%)', '3.5': '4,637\xa0★★★½ ratings (21%)', '4': '7,151\xa0★★★★ ratings (33%)', '4.5': '2,973\xa0★★★★½ ratings (14%)', '5': '2,467\xa0★★★★★ ratings (11%)'}","[['Hiroyuki Okiura', 'Gender\nMale', 'Birthday\nOctober 13, 1966 (57 years old)']]"
70,1999,Dick,['Comedy'],94,"{'0.5': '89\xa0half-★ ratings (0%)', '1': '288\xa0★ ratings (1%)', '1.5': '298\xa0★½ ratings (1%)', '2': '1,220\xa0★★ ratings (6%)', '2.5': '1,449\xa0★★½ ratings (7%)', '3': '4,457\xa0★★★ ratings (22%)', '3.5': '4,223\xa0★★★½ ratings (21%)', '4': '4,700\xa0★★★★ ratings (23%)', '4.5': '1,246\xa0★★★★½ ratings (6%)', '5': '2,098\xa0★★★★★ ratings (10%)'}","[['Andrew Fleming', 'Gender\nMale', 'Birthday\nMarch 14, 1963 (60 years old)']]"
71,1999,Blast from the Past,"['Comedy', 'Drama', 'Romance']",112,"{'0.5': '101\xa0half-★ ratings (0%)', '1': '433\xa0★ ratings (1%)', '1.5': '596\xa0★½ ratings (2%)', '2': '2,526\xa0★★ ratings (8%)', '2.5': '3,509\xa0★★½ ratings (11%)', '3': '9,989\xa0★★★ ratings (31%)', '3.5': '6,696\xa0★★★½ ratings (21%)', '4': '5,426\xa0★★★★ ratings (17%)', '4.5': '998\xa0★★★★½ ratings (3%)', '5': '1,789\xa0★★★★★ ratings (6%)'}","[['Hugh Wilson', 'Gender\nMale', 'Birthday\nAugust 21, 1943']]"
72,1999,Mystery Men,"['Fantasy', 'Adventure', 'Comedy', 'Science Fiction', 'Action']",121,"{'0.5': '333\xa0half-★ ratings (1%)', '1': '961\xa0★ ratings (3%)', '1.5': '1,101\xa0★½ ratings (3%)', '2': '3,934\xa0★★ ratings (11%)', '2.5': '4,820\xa0★★½ ratings (14%)', '3': '10,402\xa0★★★ ratings (30%)', '3.5': '6,551\xa0★★★½ ratings (19%)', '4': '4,804\xa0★★★★ ratings (14%)', '4.5': '925\xa0★★★★½ ratings (3%)', '5': '1,333\xa0★★★★★ ratings (4%)'}","[['Kinka Usher', 'Gender\nMale', 'Birthday\n-']]"
73,1999,O Auto da Compadecida,"['Drama', 'Comedy']",174,"{'0.5': '224\xa0half-★ ratings (1%)', '1': '72\xa0★ ratings (0%)', '1.5': '35\xa0★½ ratings (0%)', '2': '89\xa0★★ ratings (0%)', '2.5': '81\xa0★★½ ratings (0%)', '3': '400\xa0★★★ ratings (1%)', '3.5': '589\xa0★★★½ ratings (2%)', '4': '3,090\xa0★★★★ ratings (11%)', '4.5': '2,608\xa0★★★★½ ratings (9%)', '5': '21,727\xa0★★★★★ ratings (75%)'}","[['Guel Arraes', 'Gender\nMale', 'Birthday\nDecember 12, 1953 (70 years old)']]"
74,1999,Inspector Gadget,"['Action', 'Adventure', 'Comedy', 'Family']",78,"{'0.5': '2,839\xa0half-★ ratings (6%)', '1': '8,143\xa0★ ratings (18%)', '1.5': '6,636\xa0★½ ratings (15%)', '2': '11,570\xa0★★ ratings (26%)', '2.5': '5,621\xa0★★½ ratings (13%)', '3': '5,901\xa0★★★ ratings (13%)', '3.5': '1,615\xa0★★★½ ratings (4%)', '4': '1,271\xa0★★★★ ratings (3%)', '4.5': '128\xa0★★★★½ ratings (0%)', '5': '595\xa0★★★★★ ratings (1%)'}","[['David Kellogg', 'Gender\nMale', 'Birthday\nJanuary 1, 1952 (72 years old)']]"
75,1999,Summer of Sam,"['Drama', 'Crime', 'Thriller']",142,"{'0.5': '79\xa0half-★ ratings (0%)', '1': '261\xa0★ ratings (1%)', '1.5': '314\xa0★½ ratings (1%)', '2': '1,215\xa0★★ ratings (6%)', '2.5': '1,701\xa0★★½ ratings (8%)', '3': '5,091\xa0★★★ ratings (24%)', '3.5': '5,012\xa0★★★½ ratings (23%)', '4': '5,388\xa0★★★★ ratings (25%)', '4.5': '1,390\xa0★★★★½ ratings (6%)', '5': '1,019\xa0★★★★★ ratings (5%)'}","[['Spike Lee', 'Gender\nMale', 'Birthday\nMarch 20, 1957 (66 years old)']]"
76,1999,Peppermint Candy,['Drama'],131,"{'0.5': '26\xa0half-★ ratings (0%)', '1': '72\xa0★ ratings (0%)', '1.5': '72\xa0★½ ratings (0%)', '2': '284\xa0★★ ratings (2%)', '2.5': '492\xa0★★½ ratings (3%)', '3': '1,628\xa0★★★ ratings (10%)', '3.5': '2,890\xa0★★★½ ratings (18%)', '4': '5,343\xa0★★★★ ratings (34%)', '4.5': '2,772\xa0★★★★½ ratings (18%)', '5': '2,080\xa0★★★★★ ratings (13%)'}","[['Lee Chang-dong', 'Gender\nMale', 'Birthday\nApril 1, 1954 (69 years old)']]"
77,1999,Double Jeopardy,"['Drama', 'Mystery', 'Crime', 'Thriller']",105,"{'0.5': '135\xa0half-★ ratings (0%)', '1': '534\xa0★ ratings (1%)', '1.5': '913\xa0★½ ratings (3%)', '2': '3,761\xa0★★ ratings (10%)', '2.5': '5,308\xa0★★½ ratings (15%)', '3': '11,821\xa0★★★ ratings (33%)', '3.5': '6,426\xa0★★★½ ratings (18%)', '4': '4,804\xa0★★★★ ratings (13%)', '4.5': '829\xa0★★★★½ ratings (2%)', '5': '1,611\xa0★★★★★ ratings (4%)'}","[['Bruce Beresford', 'Gender\nMale', 'Birthday\nAugust 16, 1940 (83 years old)']]"
78,1999,Kikujiro,"['Comedy', 'Drama', 'Family']",117,"{'0.5': '18\xa0half-★ ratings (0%)', '1': '57\xa0★ ratings (0%)', '1.5': '49\xa0★½ ratings (0%)', '2': '263\xa0★★ ratings (1%)', '2.5': '455\xa0★★½ ratings (2%)', '3': '1,851\xa0★★★ ratings (10%)', '3.5': '3,464\xa0★★★½ ratings (19%)', '4': '6,576\xa0★★★★ ratings (35%)', '4.5': '2,923\xa0★★★★½ ratings (16%)', '5': '2,957\xa0★★★★★ ratings (16%)'}","[['Takeshi Kitano', 'Gender\nMale', 'Birthday\nJanuary 18, 1947 (77 years old)']]"
79,1999,Lake Placid,"['Horror', 'Science Fiction', 'Thriller', 'Comedy', 'Action']",82,"{'0.5': '446\xa0half-★ ratings (1%)', '1': '1,433\xa0★ ratings (4%)', '1.5': '1,886\xa0★½ ratings (6%)', '2': '5,641\xa0★★ ratings (17%)', '2.5': '5,992\xa0★★½ ratings (18%)', '3': '9,405\xa0★★★ ratings (28%)', '3.5': '4,517\xa0★★★½ ratings (14%)', '4': '2,873\xa0★★★★ ratings (9%)', '4.5': '383\xa0★★★★½ ratings (1%)', '5': '793\xa0★★★★★ ratings (2%)'}","[['Steve Miner', 'Gender\nMale', 'Birthday\nJune 18, 1951 (72 years old)']]"
80,1999,Mickey’s Once Upon a Christmas,"['Animation', 'Family', 'Comedy']",66,"{'0.5': '59\xa0half-★ ratings (0%)', '1': '246\xa0★ ratings (1%)', '1.5': '262\xa0★½ ratings (1%)', '2': '1,476\xa0★★ ratings (5%)', '2.5': '2,054\xa0★★½ ratings (7%)', '3': '8,902\xa0★★★ ratings (29%)', '3.5': '6,164\xa0★★★½ ratings (20%)', '4': '6,583\xa0★★★★ ratings (22%)', '4.5': '1,139\xa0★★★★½ ratings (4%)', '5': '3,678\xa0★★★★★ ratings (12%)'}","[['Bradley Raymond', 'Gender\nMale', 'Birthday\nJuly 24, 1973 (50 years old)'], ['Jun Falkenstein', 'Gender\nFemale', 'Birthday\nMay 7, 1969 (54 years old)'], ['Toby Shelton', 'Gender\nMale', 'Birthday\n-'], ['Bill Speers', 'Gender\nMale', 'Birthday\n-'], ['Alex Mann', 'Gender\n-', 'Birthday\n-']]"
81,1999,Bowfinger,['Comedy'],97,"{'0.5': '190\xa0half-★ ratings (1%)', '1': '613\xa0★ ratings (2%)', '1.5': '542\xa0★½ ratings (2%)', '2': '2,221\xa0★★ ratings (7%)', '2.5': '2,703\xa0★★½ ratings (9%)', '3': '7,511\xa0★★★ ratings (25%)', '3.5': '7,000\xa0★★★½ ratings (23%)', '4': '6,562\xa0★★★★ ratings (22%)', '4.5': '1,421\xa0★★★★½ ratings (5%)', '5': '1,375\xa0★★★★★ ratings (5%)'}","[['Frank Oz', 'Gender\nMale', 'Birthday\nMay 25, 1944 (79 years old)']]"
82,1999,Drive Me Crazy,"['Romance', 'Drama', 'Comedy']",91,"{'0.5': '228\xa0half-★ ratings (1%)', '1': '704\xa0★ ratings (3%)', '1.5': '754\xa0★½ ratings (3%)', '2': '2,676\xa0★★ ratings (12%)', '2.5': '2,868\xa0★★½ ratings (13%)', '3': '5,853\xa0★★★ ratings (26%)', '3.5': '3,206\xa0★★★½ ratings (14%)', '4': '3,488\xa0★★★★ ratings (15%)', '4.5': '860\xa0★★★★½ ratings (4%)', '5': '1,899\xa0★★★★★ ratings (8%)'}","[['John Schultz', 'Gender\nMale', 'Birthday\nMay 12, 1963 (60 years old)']]"
83,1999,The Haunting,"['Fantasy', 'Horror', 'Mystery', 'Thriller']",113,"{'0.5': '1,301\xa0half-★ ratings (4%)', '1': '3,923\xa0★ ratings (12%)', '1.5': '3,799\xa0★½ ratings (12%)', '2': '8,035\xa0★★ ratings (25%)', '2.5': '5,310\xa0★★½ ratings (16%)', '3': '5,998\xa0★★★ ratings (18%)', '3.5': '1,906\xa0★★★½ ratings (6%)', '4': '1,588\xa0★★★★ ratings (5%)', '4.5': '202\xa0★★★★½ ratings (1%)', '5': '621\xa0★★★★★ ratings (2%)'}","[['Jan de Bont', 'Gender\nMale', 'Birthday\nOctober 22, 1943 (80 years old)']]"
84,1999,Human Traffic,"['Drama', 'Comedy']",99,"{'0.5': '85\xa0half-★ ratings (0%)', '1': '200\xa0★ ratings (1%)', '1.5': '226\xa0★½ ratings (1%)', '2': '695\xa0★★ ratings (3%)', '2.5': '1,043\xa0★★½ ratings (5%)', '3': '3,482\xa0★★★ ratings (17%)', '3.5': '4,678\xa0★★★½ ratings (22%)', '4': '6,068\xa0★★★★ ratings (29%)', '4.5': '2,031\xa0★★★★½ ratings (10%)', '5': '2,380\xa0★★★★★ ratings (11%)'}","[['Justin Kerrigan', 'Gender\nMale', 'Birthday\nJanuary 1, 1977 (47 years old)']]"
85,1999,The Thomas Crown Affair,"['Drama', 'Romance', 'Crime']",113,"{'0.5': '99\xa0half-★ ratings (0%)', '1': '355\xa0★ ratings (1%)', '1.5': '493\xa0★½ ratings (2%)', '2': '1,996\xa0★★ ratings (7%)', '2.5': '2,975\xa0★★½ ratings (11%)', '3': '8,310\xa0★★★ ratings (29%)', '3.5': '6,723\xa0★★★½ ratings (24%)', '4': '5,015\xa0★★★★ ratings (18%)', '4.5': '1,014\xa0★★★★½ ratings (4%)', '5': '1,247\xa0★★★★★ ratings (4%)'}","[['John McTiernan', 'Gender\nMale', 'Birthday\nJanuary 8, 1951 (73 years old)']]"
86,1999,The Cider House Rules,['Drama'],126,"{'0.5': '103\xa0half-★ ratings (0%)', '1': '324\xa0★ ratings (1%)', '1.5': '384\xa0★½ ratings (1%)', '2': '1,643\xa0★★ ratings (6%)', '2.5': '2,375\xa0★★½ ratings (9%)', '3': '6,987\xa0★★★ ratings (27%)', '3.5': '6,603\xa0★★★½ ratings (25%)', '4': '5,364\xa0★★★★ ratings (21%)', '4.5': '1,195\xa0★★★★½ ratings (5%)', '5': '1,070\xa0★★★★★ ratings (4%)'}","[['Lasse Hallström', 'Gender\nMale', 'Birthday\nJune 2, 1946 (77 years old)']]"
87,1999,Pokémon: The Movie 2000,"['Animation', 'Family', 'Fantasy', 'Science Fiction', 'Adventure']",84,"{'0.5': '199\xa0half-★ ratings (1%)', '1': '721\xa0★ ratings (2%)', '1.5': '929\xa0★½ ratings (3%)', '2': '3,424\xa0★★ ratings (10%)', '2.5': '4,447\xa0★★½ ratings (13%)', '3': '11,290\xa0★★★ ratings (32%)', '3.5': '5,547\xa0★★★½ ratings (16%)', '4': '5,134\xa0★★★★ ratings (15%)', '4.5': '1,000\xa0★★★★½ ratings (3%)', '5': '2,539\xa0★★★★★ ratings (7%)'}","[['Kunihiko Yuyama', 'Gender\nMale', 'Birthday\nOctober 15, 1952 (71 years old)']]"
88,1999,Stir of Echoes,"['Mystery', 'Horror', 'Thriller']",99,"{'0.5': '63\xa0half-★ ratings (0%)', '1': '308\xa0★ ratings (1%)', '1.5': '417\xa0★½ ratings (2%)', '2': '1,792\xa0★★ ratings (6%)', '2.5': '2,779\xa0★★½ ratings (10%)', '3': '8,478\xa0★★★ ratings (31%)', '3.5': '7,329\xa0★★★½ ratings (26%)', '4': '4,891\xa0★★★★ ratings (18%)', '4.5': '764\xa0★★★★½ ratings (3%)', '5': '890\xa0★★★★★ ratings (3%)'}","[['David Koepp', 'Gender\nMale', 'Birthday\nJune 9, 1963 (60 years old)']]"
89,1999,Scooby-Doo! and the Witch’s Ghost,"['Animation', 'Mystery', 'Comedy', 'Family', 'Fantasy']",70,"{'0.5': '35\xa0half-★ ratings (0%)', '1': '163\xa0★ ratings (1%)', '1.5': '174\xa0★½ ratings (1%)', '2': '902\xa0★★ ratings (3%)', '2.5': '1,381\xa0★★½ ratings (5%)', '3': '5,716\xa0★★★ ratings (21%)', '3.5': '5,465\xa0★★★½ ratings (20%)', '4': '6,870\xa0★★★★ ratings (25%)', '4.5': '1,728\xa0★★★★½ ratings (6%)', '5': '4,800\xa0★★★★★ ratings (18%)'}","[['Jim Stenstrum', 'Gender\nMale', 'Birthday\n-']]"
90,1999,House on Haunted Hill,['Horror'],93,"{'0.5': '427\xa0half-★ ratings (2%)', '1': '1,389\xa0★ ratings (5%)', '1.5': '1,753\xa0★½ ratings (7%)', '2': '4,865\xa0★★ ratings (18%)', '2.5': '4,724\xa0★★½ ratings (18%)', '3': '7,209\xa0★★★ ratings (27%)', '3.5': '3,210\xa0★★★½ ratings (12%)', '4': '2,178\xa0★★★★ ratings (8%)', '4.5': '341\xa0★★★★½ ratings (1%)', '5': '662\xa0★★★★★ ratings (2%)'}","[['William Malone', 'Gender\nMale', 'Birthday\n-']]"
91,1999,Buena Vista Social Club,"['Music', 'Documentary']",105,"{'0.5': '13\xa0half-★ ratings (0%)', '1': '38\xa0★ ratings (0%)', '1.5': '57\xa0★½ ratings (0%)', '2': '251\xa0★★ ratings (2%)', '2.5': '440\xa0★★½ ratings (3%)', '3': '2,162\xa0★★★ ratings (14%)', '3.5': '3,247\xa0★★★½ ratings (21%)', '4': '5,578\xa0★★★★ ratings (36%)', '4.5': '1,576\xa0★★★★½ ratings (10%)', '5': '1,971\xa0★★★★★ ratings (13%)'}","[['Wim Wenders', 'Gender\nMale', 'Birthday\nAugust 14, 1945 (78 years old)']]"
92,1999,Payback,"['Drama', 'Crime', 'Action']",100,"{'0.5': '113\xa0half-★ ratings (0%)', '1': '380\xa0★ ratings (1%)', '1.5': '440\xa0★½ ratings (2%)', '2': '2,003\xa0★★ ratings (7%)', '2.5': '2,683\xa0★★½ ratings (10%)', '3': '8,178\xa0★★★ ratings (29%)', '3.5': '6,964\xa0★★★½ ratings (25%)', '4': '5,626\xa0★★★★ ratings (20%)', '4.5': '960\xa0★★★★½ ratings (3%)', '5': '857\xa0★★★★★ ratings (3%)'}","[['Brian Helgeland', 'Gender\nMale', 'Birthday\nJanuary 17, 1961 (63 years old)']]"
93,1999,Outer Space,['Horror'],10,"{'0.5': '103\xa0half-★ ratings (1%)', '1': '194\xa0★ ratings (1%)', '1.5': '124\xa0★½ ratings (1%)', '2': '390\xa0★★ ratings (3%)', '2.5': '481\xa0★★½ ratings (3%)', '3': '1,467\xa0★★★ ratings (10%)', '3.5': '1,959\xa0★★★½ ratings (14%)', '4': '4,414\xa0★★★★ ratings (31%)', '4.5': '2,090\xa0★★★★½ ratings (15%)', '5': '2,917\xa0★★★★★ ratings (21%)'}","[['Peter Tscherkassky', 'Gender\nMale', 'Birthday\nOctober 3, 1958 (65 years old)']]"
94,1999,End of Days,"['Action', 'Fantasy', 'Horror']",121,"{'0.5': '352\xa0half-★ ratings (1%)', '1': '1,432\xa0★ ratings (5%)', '1.5': '1,781\xa0★½ ratings (6%)', '2': '5,654\xa0★★ ratings (20%)', '2.5': '5,819\xa0★★½ ratings (20%)', '3': '8,138\xa0★★★ ratings (29%)', '3.5': '3,048\xa0★★★½ ratings (11%)', '4': '1,687\xa0★★★★ ratings (6%)', '4.5': '232\xa0★★★★½ ratings (1%)', '5': '395\xa0★★★★★ ratings (1%)'}","[['Peter Hyams', 'Gender\nMale', 'Birthday\nJuly 26, 1943 (80 years old)']]"
95,1999,The 13th Warrior,"['History', 'Action', 'Adventure']",102,"{'0.5': '184\xa0half-★ ratings (1%)', '1': '632\xa0★ ratings (3%)', '1.5': '705\xa0★½ ratings (3%)', '2': '2,572\xa0★★ ratings (10%)', '2.5': '3,276\xa0★★½ ratings (13%)', '3': '7,496\xa0★★★ ratings (30%)', '3.5': '5,032\xa0★★★½ ratings (20%)', '4': '3,537\xa0★★★★ ratings (14%)', '4.5': '738\xa0★★★★½ ratings (3%)', '5': '1,039\xa0★★★★★ ratings (4%)'}","[['John McTiernan', 'Gender\nMale', 'Birthday\nJanuary 8, 1951 (73 years old)']]"
96,1999,Deuce Bigalow: Male Gigolo,['Comedy'],88,"{'0.5': '2,004\xa0half-★ ratings (6%)', '1': '3,808\xa0★ ratings (12%)', '1.5': '3,123\xa0★½ ratings (10%)', '2': '6,604\xa0★★ ratings (21%)', '2.5': '4,803\xa0★★½ ratings (15%)', '3': '6,339\xa0★★★ ratings (20%)', '3.5': '2,203\xa0★★★½ ratings (7%)', '4': '1,741\xa0★★★★ ratings (6%)', '4.5': '232\xa0★★★★½ ratings (1%)', '5': '722\xa0★★★★★ ratings (2%)'}","[['Mike Mitchell', 'Gender\nMale', 'Birthday\nOctober 18, 1970 (53 years old)']]"
97,1999,Titus,"['History', 'Drama']",162,"{'0.5': '55\xa0half-★ ratings (1%)', '1': '161\xa0★ ratings (2%)', '1.5': '143\xa0★½ ratings (1%)', '2': '472\xa0★★ ratings (5%)', '2.5': '572\xa0★★½ ratings (6%)', '3': '1,728\xa0★★★ ratings (18%)', '3.5': '1,916\xa0★★★½ ratings (20%)', '4': '2,628\xa0★★★★ ratings (27%)', '4.5': '908\xa0★★★★½ ratings (9%)', '5': '976\xa0★★★★★ ratings (10%)'}","[['Julie Taymor', 'Gender\nFemale', 'Birthday\nDecember 15, 1952 (71 years old)']]"
98,1999,Muppets from Space,"['Family', 'Comedy', 'Science Fiction', 'Fantasy']",87,"{'0.5': '70\xa0half-★ ratings (0%)', '1': '320\xa0★ ratings (1%)', '1.5': '433\xa0★½ ratings (2%)', '2': '2,104\xa0★★ ratings (10%)', '2.5': '2,722\xa0★★½ ratings (12%)', '3': '6,831\xa0★★★ ratings (31%)', '3.5': '3,801\xa0★★★½ ratings (17%)', '4': '3,097\xa0★★★★ ratings (14%)', '4.5': '687\xa0★★★★½ ratings (3%)', '5': '1,975\xa0★★★★★ ratings (9%)'}","[['Tim Hill', 'Gender\nMale', 'Birthday\nMay 31, 1958 (65 years old)']]"
99,1999,Blue Streak,"['Comedy', 'Action', 'Crime']",93,"{'0.5': '159\xa0half-★ ratings (1%)', '1': '610\xa0★ ratings (2%)', '1.5': '858\xa0★½ ratings (3%)', '2': '3,144\xa0★★ ratings (12%)', '2.5': '4,251\xa0★★½ ratings (16%)', '3': '8,997\xa0★★★ ratings (33%)', '3.5': '4,840\xa0★★★½ ratings (18%)', '4': '2,867\xa0★★★★ ratings (11%)', '4.5': '467\xa0★★★★½ ratings (2%)', '5': '1,043\xa0★★★★★ ratings (4%)'}","[['Les Mayfield', 'Gender\nMale', 'Birthday\nNovember 30, 1959 (64 years old)']]"
